Metric,Value
loss,0.03795314207673073
compile_metrics,0.8601914644241333
